alte_url,sprache,http_status,titel,kategorie,ziel_vorschlag,freigabe,hinweis
"/","de","200","Healthcare Anbieter für Medizinprodukte - HC Healthcare Consulting","Startseite","/de","offen",""
"/__trashed/","de","200","AGB - Französisch - HC Healthcare Consulting","Blog/Archiv (entfällt)","/de","offen",""
"/agb/","de","301","","AGB-Variante","/de/agb","offen","Welche AGB-Fassung gilt künftig? (HC)"
"/algemene-verkoop-en-leveriingsvoorwarden-hc/","de","200","AGB - Nederland - HC Healthcare Consulting","AGB-Variante","/de/agb","offen","Welche AGB-Fassung gilt künftig? (HC)"
"/allgemein/5-jahre-hc-healthcare-consulting/","de","200","5 Jahre HC – Healthcare Consulting! - HC Healthcare Consulting","Blog/Archiv (entfällt)","/de","offen",""
"/allgemeine-verkaufsbedingungen-hc-eu/","de","200","AGB - Europa - HC Healthcare Consulting","AGB-Variante","/de/agb","offen","Welche AGB-Fassung gilt künftig? (HC)"
"/allgemeine-verkaufsbedingungen-hc/","de","200","Allgemeine Verkaufsbedingungen HC - HC Healthcare Consulting","AGB-Variante","/de/agb","offen","Welche AGB-Fassung gilt künftig? (HC)"
"/bezahlmoeglichkeiten/","de","200","Zahlungsarten - HC Healthcare Consulting","Shop/Konto (entfällt)","/de/kontakt","offen","Shop entfällt laut Entscheidung"
"/blog/allgemein/","de","200","Allgemein Archives - HC Healthcare Consulting","Blog/Archiv (entfällt)","/de","offen",""
"/cart/","de","200","Cart - HC Healthcare Consulting","Shop/Konto (entfällt)","/de/kontakt","offen","Shop entfällt laut Entscheidung"
"/checkout/","de","200","Checkout - HC Healthcare Consulting","Shop/Konto (entfällt)","/de/kontakt","offen","Shop entfällt laut Entscheidung"
"/conditions-generales-hc/","de","200","Conditions générales de vente HC - HC Healthcare Consulting","AGB-Variante","/de/agb","offen","Welche AGB-Fassung gilt künftig? (HC)"
"/danke/","de","200","Danke - HC Healthcare Consulting","Formular-Danke (entfällt)","/de/kontakt","offen","Bestätigung erscheint künftig inline"
"/datenschutz/","de","200","Datenschutz - HC Healthcare Consulting","Rechtliches","/de/datenschutz","offen",""
"/hilfe/","de","200","Hilfe - HC Healthcare Consulting","Shop/Konto (entfällt)","/de/kontakt","offen","Shop entfällt laut Entscheidung"
"/impressum/","de","200","Impressum HC-Consulting","Rechtliches","/de/impressum","offen",""
"/jobs/","de","200","Jobs - Unsere aktuellen Stellenangebote im Unternehmen - HC Healthcare Consulting","Karriere","/de/karriere","offen","Stellen kommen künftig aus JOIN"
"/jobs/bewerbung/","de","200","Bewerbungsformular - HC Healthcare Consulting","Karriere","/de/karriere","offen","Stellen kommen künftig aus JOIN"
"/jobs/vielen-dank-fuer-ihre-bewerbung/","de","200","Vielen Dank für Ihre Bewerbung! - HC Healthcare Consulting","Karriere","/de/karriere","offen","Stellen kommen künftig aus JOIN"
"/karriere/","de","200","Karriere - HC Healthcare Consulting","Karriere","/de/karriere","offen","Stellen kommen künftig aus JOIN"
"/karriere/business-controllerin/","de","200","Business Controller*in - HC Healthcare Consulting","Karriere","/de/karriere","offen","Stellen kommen künftig aus JOIN"
"/karriere/customer-service-managerin/","de","200","Mitarbeiter/in Customer Service / Vertriebsinnendienst (m/w/d) - HC Healthcare Consulting","Karriere","/de/karriere","offen","Stellen kommen künftig aus JOIN"
"/karriere/digital-transformation-managerin/","de","200","Digital Transformation Manager*in - HC Healthcare Consulting","Karriere","/de/karriere","offen","Stellen kommen künftig aus JOIN"
"/karriere/office-managerin/","de","200","Office Manager*in (M/W/D) - HC Healthcare Consulting","Karriere","/de/karriere","offen","Stellen kommen künftig aus JOIN"
"/karriere/sachbearbeiterin-buchhaltung/","de","200","Sachbearbeiter*in Buchaltung - HC Healthcare Consulting","Karriere","/de/karriere","offen","Stellen kommen künftig aus JOIN"
"/karriere/senior-buyer/","de","200","Senior Buyer - HC Healthcare Consulting","Karriere","/de/karriere","offen","Stellen kommen künftig aus JOIN"
"/kontakt/","de","200","Kontakt - HC Healthcare Consulting","Kontakt","/de/kontakt","offen",""
"/login/","de","200","Login - HC Healthcare Consulting","Shop/Konto (entfällt)","/de/kontakt","offen","Shop entfällt laut Entscheidung"
"/neue-eingetroffen/","de","200","Neue eingetroffen - HC Healthcare Consulting","Shop/Konto (entfällt)","/de/kontakt","offen","Shop entfällt laut Entscheidung"
"/partners/","de","200","Partners - HC Healthcare Consulting","Unternehmen","/de/partner","offen","Zielpfad nach Seitenkonzept prüfen"
"/registrierung/","de","200","Registrierung - HC Healthcare Consulting","Shop/Konto (entfällt)","/de/kontakt","offen","Shop entfällt laut Entscheidung"
"/registrierung/wartend/","de","200","Wartend - HC Healthcare Consulting","Shop/Konto (entfällt)","/de/kontakt","offen","Shop entfällt laut Entscheidung"
"/shop/","de","200","Shop - HC Healthcare Consulting","Shop/Konto (entfällt)","/de/kontakt","offen","Shop entfällt laut Entscheidung"
"/terms-and-conditions-hc/","de","200","AGB - Englisch - HC Healthcare Consulting","AGB-Variante","/de/agb","offen","Welche AGB-Fassung gilt künftig? (HC)"
"/unternehmen/lagerlogistik/","de","200","Modernste und zuverlässige Lagerlogistik - HC Healthcare Consulting","Unternehmen","/de/unternehmen/lagerlogistik","offen","Zielpfad nach Seitenkonzept prüfen"
"/unternehmen/qualitaetsversprechen/","de","200","Qualität hat bei uns höchste Priorität - HC Healthcare Consulting","Unternehmen","/de/unternehmen/qualitaetsversprechen","offen","Zielpfad nach Seitenkonzept prüfen"
"/unternehmen/vorgehensweise-medizinprodukte/","de","200","Vorgehensweise zur Kostenreduzierung - HC Healthcare Consulting","Unternehmen","/de/unternehmen/vorgehensweise","offen","Zielpfad nach Seitenkonzept prüfen"
"/versandarten/","de","200","Versandarten - HC Healthcare Consulting","Shop/Konto (entfällt)","/de/kontakt","offen","Shop entfällt laut Entscheidung"
"/widerrufsbelehrung/","de","200","Widerrufsbelehrung - HC Healthcare Consulting","Shop/Konto (entfällt)","/de/kontakt","offen","Shop entfällt laut Entscheidung"
"/en/","en","200","Healthcare Anbieter für Medizinprodukte - HC Healthcare Consulting","Startseite","/en","offen",""
"/en/__trashed/","en","200","AGB - Französisch - HC Healthcare Consulting","Blog/Archiv (entfällt)","/en","offen",""
"/en/agb/","en","200","AGB - HC Healthcare Consulting","AGB-Variante","/en/agb","offen","Welche AGB-Fassung gilt künftig? (HC)"
"/en/algemene-verkoop-en-leveriingsvoorwarden-hc/","en","200","AGB - Nederland - HC Healthcare Consulting","AGB-Variante","/en/agb","offen","Welche AGB-Fassung gilt künftig? (HC)"
"/en/allgemein/5-jahre-hc-healthcare-consulting/","en","200","5 Jahre HC – Healthcare Consulting! - HC Healthcare Consulting","Blog/Archiv (entfällt)","/en","offen",""
"/en/allgemeine-verkaufsbedingungen-hc-eu/","en","200","AGB - Europa - HC Healthcare Consulting","AGB-Variante","/en/agb","offen","Welche AGB-Fassung gilt künftig? (HC)"
"/en/allgemeine-verkaufsbedingungen-hc/","en","200","Allgemeine Verkaufsbedingungen HC - HC Healthcare Consulting","AGB-Variante","/en/agb","offen","Welche AGB-Fassung gilt künftig? (HC)"
"/en/bezahlmoeglichkeiten/","en","200","Zahlungsarten - HC Healthcare Consulting","Shop/Konto (entfällt)","/en/kontakt","offen","Shop entfällt laut Entscheidung"
"/en/blog/allgemein/","en","200","Allgemein Archives - HC Healthcare Consulting","Blog/Archiv (entfällt)","/en","offen",""
"/en/cart/","en","200","Cart - HC Healthcare Consulting","Shop/Konto (entfällt)","/en/kontakt","offen","Shop entfällt laut Entscheidung"
"/en/checkout/","en","200","Checkout - HC Healthcare Consulting","Shop/Konto (entfällt)","/en/kontakt","offen","Shop entfällt laut Entscheidung"
"/en/conditions-generales-hc/","en","200","Conditions générales de vente HC - HC Healthcare Consulting","AGB-Variante","/en/agb","offen","Welche AGB-Fassung gilt künftig? (HC)"
"/en/danke/","en","200","Danke - HC Healthcare Consulting","Formular-Danke (entfällt)","/en/kontakt","offen","Bestätigung erscheint künftig inline"
"/en/datenschutz/","en","200","Datenschutz - HC Healthcare Consulting","Rechtliches","/en/datenschutz","offen",""
"/en/hilfe/","en","200","Hilfe - HC Healthcare Consulting","Shop/Konto (entfällt)","/en/kontakt","offen","Shop entfällt laut Entscheidung"
"/en/impressum/","en","200","Impressum HC-Consulting","Rechtliches","/en/impressum","offen",""
"/en/jobs/","en","200","Jobs - Unsere aktuellen Stellenangebote im Unternehmen - HC Healthcare Consulting","Karriere","/en/karriere","offen","Stellen kommen künftig aus JOIN"
"/en/jobs/bewerbung/","en","200","Bewerbungsformular - HC Healthcare Consulting","Karriere","/en/karriere","offen","Stellen kommen künftig aus JOIN"
"/en/jobs/vielen-dank-fuer-ihre-bewerbung/","en","200","Vielen Dank für Ihre Bewerbung! - HC Healthcare Consulting","Karriere","/en/karriere","offen","Stellen kommen künftig aus JOIN"
"/en/karriere/","en","200","Karriere - HC Healthcare Consulting","Karriere","/en/karriere","offen","Stellen kommen künftig aus JOIN"
"/en/karriere/business-controllerin/","en","200","Business Controller*in - HC Healthcare Consulting","Karriere","/en/karriere","offen","Stellen kommen künftig aus JOIN"
"/en/karriere/customer-service-managerin/","en","200","Mitarbeiter/in Customer Service / Vertriebsinnendienst (m/w/d) - HC Healthcare Consulting","Karriere","/en/karriere","offen","Stellen kommen künftig aus JOIN"
"/en/karriere/digital-transformation-managerin/","en","200","Digital Transformation Manager*in - HC Healthcare Consulting","Karriere","/en/karriere","offen","Stellen kommen künftig aus JOIN"
"/en/karriere/office-managerin/","en","200","Office Manager*in (M/W/D) - HC Healthcare Consulting","Karriere","/en/karriere","offen","Stellen kommen künftig aus JOIN"
"/en/karriere/sachbearbeiterin-buchhaltung/","en","200","Sachbearbeiter*in Buchaltung - HC Healthcare Consulting","Karriere","/en/karriere","offen","Stellen kommen künftig aus JOIN"
"/en/karriere/senior-buyer/","en","200","Senior Buyer - HC Healthcare Consulting","Karriere","/en/karriere","offen","Stellen kommen künftig aus JOIN"
"/en/kontakt/","en","200","Kontakt - HC Healthcare Consulting","Kontakt","/en/kontakt","offen",""
"/en/login/","en","200","Login - HC Healthcare Consulting","Shop/Konto (entfällt)","/en/kontakt","offen","Shop entfällt laut Entscheidung"
"/en/neue-eingetroffen/","en","200","Neue eingetroffen - HC Healthcare Consulting","Shop/Konto (entfällt)","/en/kontakt","offen","Shop entfällt laut Entscheidung"
"/en/partners/","en","200","Partners - HC Healthcare Consulting","Unternehmen","/en/partner","offen","Zielpfad nach Seitenkonzept prüfen"
"/en/registrierung/","en","200","Registrierung - HC Healthcare Consulting","Shop/Konto (entfällt)","/en/kontakt","offen","Shop entfällt laut Entscheidung"
"/en/registrierung/wartend/","en","200","Wartend - HC Healthcare Consulting","Shop/Konto (entfällt)","/en/kontakt","offen","Shop entfällt laut Entscheidung"
"/en/shop/","en","200","Shop - HC Healthcare Consulting","Shop/Konto (entfällt)","/en/kontakt","offen","Shop entfällt laut Entscheidung"
"/en/terms-and-conditions-hc/","en","200","AGB - Englisch - HC Healthcare Consulting","AGB-Variante","/en/agb","offen","Welche AGB-Fassung gilt künftig? (HC)"
"/en/unternehmen/lagerlogistik/","en","200","Modernste und zuverlässige Lagerlogistik - HC Healthcare Consulting","Unternehmen","/en/unternehmen/lagerlogistik","offen","Zielpfad nach Seitenkonzept prüfen"
"/en/unternehmen/qualitaetsversprechen/","en","200","Qualität hat bei uns höchste Priorität - HC Healthcare Consulting","Unternehmen","/en/unternehmen/qualitaetsversprechen","offen","Zielpfad nach Seitenkonzept prüfen"
"/en/unternehmen/vorgehensweise-medizinprodukte/","en","200","Vorgehensweise zur Kostenreduzierung - HC Healthcare Consulting","Unternehmen","/en/unternehmen/vorgehensweise","offen","Zielpfad nach Seitenkonzept prüfen"
"/en/versandarten/","en","200","Versandarten - HC Healthcare Consulting","Shop/Konto (entfällt)","/en/kontakt","offen","Shop entfällt laut Entscheidung"
"/en/widerrufsbelehrung/","en","200","Widerrufsbelehrung - HC Healthcare Consulting","Shop/Konto (entfällt)","/en/kontakt","offen","Shop entfällt laut Entscheidung"
"/fr/","fr","200","Healthcare Anbieter für Medizinprodukte - HC Healthcare Consulting","Startseite","/fr","offen",""
"/fr/__trashed/","fr","200","AGB - Französisch - HC Healthcare Consulting","Blog/Archiv (entfällt)","/fr","offen",""
"/fr/agb/","fr","200","AGB - HC Healthcare Consulting","AGB-Variante","/fr/agb","offen","Welche AGB-Fassung gilt künftig? (HC)"
"/fr/algemene-verkoop-en-leveriingsvoorwarden-hc/","fr","200","AGB - Nederland - HC Healthcare Consulting","AGB-Variante","/fr/agb","offen","Welche AGB-Fassung gilt künftig? (HC)"
"/fr/allgemein/5-jahre-hc-healthcare-consulting/","fr","200","5 Jahre HC – Healthcare Consulting! - HC Healthcare Consulting","Blog/Archiv (entfällt)","/fr","offen",""
"/fr/allgemeine-verkaufsbedingungen-hc-eu/","fr","200","AGB - Europa - HC Healthcare Consulting","AGB-Variante","/fr/agb","offen","Welche AGB-Fassung gilt künftig? (HC)"
"/fr/allgemeine-verkaufsbedingungen-hc/","fr","200","Allgemeine Verkaufsbedingungen HC - HC Healthcare Consulting","AGB-Variante","/fr/agb","offen","Welche AGB-Fassung gilt künftig? (HC)"
"/fr/bezahlmoeglichkeiten/","fr","200","Zahlungsarten - HC Healthcare Consulting","Shop/Konto (entfällt)","/fr/kontakt","offen","Shop entfällt laut Entscheidung"
"/fr/blog/allgemein/","fr","200","Allgemein Archives - HC Healthcare Consulting","Blog/Archiv (entfällt)","/fr","offen",""
"/fr/cart/","fr","200","Cart - HC Healthcare Consulting","Shop/Konto (entfällt)","/fr/kontakt","offen","Shop entfällt laut Entscheidung"
"/fr/checkout/","fr","200","Checkout - HC Healthcare Consulting","Shop/Konto (entfällt)","/fr/kontakt","offen","Shop entfällt laut Entscheidung"
"/fr/conditions-generales-hc/","fr","200","Conditions générales de vente HC - HC Healthcare Consulting","AGB-Variante","/fr/agb","offen","Welche AGB-Fassung gilt künftig? (HC)"
"/fr/danke/","fr","200","Danke - HC Healthcare Consulting","Formular-Danke (entfällt)","/fr/kontakt","offen","Bestätigung erscheint künftig inline"
"/fr/datenschutz/","fr","200","Datenschutz - HC Healthcare Consulting","Rechtliches","/fr/datenschutz","offen",""
"/fr/hilfe/","fr","200","Hilfe - HC Healthcare Consulting","Shop/Konto (entfällt)","/fr/kontakt","offen","Shop entfällt laut Entscheidung"
"/fr/impressum/","fr","200","Impressum HC-Consulting","Rechtliches","/fr/impressum","offen",""
"/fr/jobs/","fr","200","Jobs - Unsere aktuellen Stellenangebote im Unternehmen - HC Healthcare Consulting","Karriere","/fr/karriere","offen","Stellen kommen künftig aus JOIN"
"/fr/jobs/bewerbung/","fr","200","Bewerbungsformular - HC Healthcare Consulting","Karriere","/fr/karriere","offen","Stellen kommen künftig aus JOIN"
"/fr/jobs/vielen-dank-fuer-ihre-bewerbung/","fr","200","Vielen Dank für Ihre Bewerbung! - HC Healthcare Consulting","Karriere","/fr/karriere","offen","Stellen kommen künftig aus JOIN"
"/fr/karriere/","fr","200","Karriere - HC Healthcare Consulting","Karriere","/fr/karriere","offen","Stellen kommen künftig aus JOIN"
"/fr/karriere/business-controllerin/","fr","200","Business Controller*in - HC Healthcare Consulting","Karriere","/fr/karriere","offen","Stellen kommen künftig aus JOIN"
"/fr/karriere/customer-service-managerin/","fr","200","Mitarbeiter/in Customer Service / Vertriebsinnendienst (m/w/d) - HC Healthcare Consulting","Karriere","/fr/karriere","offen","Stellen kommen künftig aus JOIN"
"/fr/karriere/digital-transformation-managerin/","fr","200","Digital Transformation Manager*in - HC Healthcare Consulting","Karriere","/fr/karriere","offen","Stellen kommen künftig aus JOIN"
"/fr/karriere/office-managerin/","fr","200","Office Manager*in (M/W/D) - HC Healthcare Consulting","Karriere","/fr/karriere","offen","Stellen kommen künftig aus JOIN"
"/fr/karriere/sachbearbeiterin-buchhaltung/","fr","200","Sachbearbeiter*in Buchaltung - HC Healthcare Consulting","Karriere","/fr/karriere","offen","Stellen kommen künftig aus JOIN"
"/fr/karriere/senior-buyer/","fr","200","Senior Buyer - HC Healthcare Consulting","Karriere","/fr/karriere","offen","Stellen kommen künftig aus JOIN"
"/fr/kontakt/","fr","200","Kontakt - HC Healthcare Consulting","Kontakt","/fr/kontakt","offen",""
"/fr/login/","fr","200","Login - HC Healthcare Consulting","Shop/Konto (entfällt)","/fr/kontakt","offen","Shop entfällt laut Entscheidung"
"/fr/neue-eingetroffen/","fr","200","Neue eingetroffen - HC Healthcare Consulting","Shop/Konto (entfällt)","/fr/kontakt","offen","Shop entfällt laut Entscheidung"
"/fr/partners/","fr","200","Partners - HC Healthcare Consulting","Unternehmen","/fr/partner","offen","Zielpfad nach Seitenkonzept prüfen"
"/fr/registrierung/","fr","200","Registrierung - HC Healthcare Consulting","Shop/Konto (entfällt)","/fr/kontakt","offen","Shop entfällt laut Entscheidung"
"/fr/registrierung/wartend/","fr","200","Wartend - HC Healthcare Consulting","Shop/Konto (entfällt)","/fr/kontakt","offen","Shop entfällt laut Entscheidung"
"/fr/shop/","fr","200","Shop - HC Healthcare Consulting","Shop/Konto (entfällt)","/fr/kontakt","offen","Shop entfällt laut Entscheidung"
"/fr/terms-and-conditions-hc/","fr","200","AGB - Englisch - HC Healthcare Consulting","AGB-Variante","/fr/agb","offen","Welche AGB-Fassung gilt künftig? (HC)"
"/fr/unternehmen/lagerlogistik/","fr","200","Modernste und zuverlässige Lagerlogistik - HC Healthcare Consulting","Unternehmen","/fr/unternehmen/lagerlogistik","offen","Zielpfad nach Seitenkonzept prüfen"
"/fr/unternehmen/qualitaetsversprechen/","fr","200","Qualität hat bei uns höchste Priorität - HC Healthcare Consulting","Unternehmen","/fr/unternehmen/qualitaetsversprechen","offen","Zielpfad nach Seitenkonzept prüfen"
"/fr/unternehmen/vorgehensweise-medizinprodukte/","fr","200","Vorgehensweise zur Kostenreduzierung - HC Healthcare Consulting","Unternehmen","/fr/unternehmen/vorgehensweise","offen","Zielpfad nach Seitenkonzept prüfen"
"/fr/versandarten/","fr","200","Versandarten - HC Healthcare Consulting","Shop/Konto (entfällt)","/fr/kontakt","offen","Shop entfällt laut Entscheidung"
"/fr/widerrufsbelehrung/","fr","200","Widerrufsbelehrung - HC Healthcare Consulting","Shop/Konto (entfällt)","/fr/kontakt","offen","Shop entfällt laut Entscheidung"
